Freq (kHz),Reff (mOhm),Leff (nH)
10,0.8219660000000003,5.921630221137224
110,0.9390138906254151,5.251225260118121
210,1.0481862947367104,5.182313291002393
310,1.1538099095873628,5.136203446653312
410,1.2528207507634004,5.103413681547335
510,1.3463005555472531,5.077884598528938
610,1.4347053899374764,5.0576270330699735
710,1.5183655680682158,5.041357955895143
810,1.5976114040736147,5.027794337729145
910,1.6727732120878183,5.015653149296679
