Freq (kHz),Reff (mOhm),Leff (nH)
10,0.0867262,0.3036819553642146
110,0.09161623886726719,0.2893652761787039
210,0.09812252770326547,0.28583297280394854
310,0.1045061081472629,0.28315049435776857
410,0.11040988651133413,0.2812061320229649
510,0.11596558879897245,0.2797156277788575
610,0.12124644607427366,0.27855930932408235
710,0.12631330258303683,0.27764733229837324
810,0.13122700257106096,0.27688985234146357
910,0.1360483902841451,0.2761970250930871
