Freq (kHz),Reff (mOhm),Leff (nH)
10,1.57629,12.669958963176677
110,1.8185572353616248,11.137573189839879
210,2.03487078907507,10.999565211390653
310,2.245156442916008,10.907985136084069
410,2.4431037000809046,10.84283052595016
510,2.63023974962932,10.791891327541318
610,2.807249962197337,10.751274650245408
710,2.9746421514845083,10.718529552256037
810,3.132924131190381,10.691205091766804
910,3.282603715014505,10.66685032697131
